speaker_id,text,timestamp
respondent_1,"I feel overwhelmed when I have too many deadlines at work. My manager doesn't provide clear guidance, which makes it worse. The lack of communication creates uncertainty about priorities.",
2024-01-15
respondent_2,"Team support really helps when I'm stressed about deadlines. Having colleagues to bounce ideas off of reduces my anxiety. However, when team members are also stressed, it creates a negative feedback loop.",
2024-01-15
respondent_3,"When I have a clear project timeline and regular check-ins with my supervisor, I feel much more confident and productive. The structure helps me manage my workload better.",
2024-01-16
respondent_4,"The workload is manageable when I can prioritize tasks effectively. However, unexpected urgent requests throw everything off. It's like playing whack-a-mole with my to-do list.",
2024-01-16
respondent_5,"I perform best when I have autonomy in my work but also know I can ask for help when needed. The balance between independence and support is crucial for my motivation.",
2024-01-17
respondent_6,"Remote work has been a double-edged sword. I save time on commuting and have more flexibility, but I miss the spontaneous collaboration that happens in the office. The isolation sometimes affects my creativity.",
2024-01-17
respondent_7,"My stress levels directly correlate with how much control I feel over my schedule. When I can block time for deep work, I'm much more productive. But when meetings constantly interrupt my flow, my stress spikes.",
2024-01-18
respondent_8,"The relationship with my manager significantly impacts my job satisfaction. When they provide constructive feedback and recognize my contributions, I feel valued. But when feedback is inconsistent or negative, my motivation drops.",
2024-01-18
respondent_9,"Work-life boundaries have become blurred since working from home. I find myself checking emails late at night because the laptop is always there. This constant connectivity increases my stress levels.",
2024-01-19
respondent_10,"Team dynamics play a huge role in my daily stress. When we have good communication and shared goals, work feels collaborative and enjoyable. But when there's conflict or poor communication, it drains my energy.",
2024-01-19
respondent_11,"The physical workspace affects my productivity more than I realized. At home, I have fewer distractions but also less social interaction. In the office, there are more interruptions but also more opportunities for collaboration.",
2024-01-20
respondent_12,"Deadline pressure is my biggest stressor. When I have enough time to do quality work, I feel proud of my output. But when deadlines are unrealistic, quality suffers and I feel frustrated.",
2024-01-20
respondent_13,"The company culture around work hours and expectations really matters. When overtime is expected but not acknowledged, it creates resentment. But when flexibility is offered and respected, I feel more loyal to the organization.",
2024-01-21
respondent_14,"Technology issues during remote work add an extra layer of stress. When video calls fail or systems are slow, it wastes time and creates frustration. Reliable tech infrastructure is essential for remote productivity.",
2024-01-21
respondent_15,"My stress levels are highest when I feel like I'm not making progress or when my work isn't recognized. Regular feedback and clear metrics help me understand how I'm contributing to the team's success.",
2024-01-22
respondent_16,"The transition to remote work was challenging because I had to create new routines. Initially, I worked longer hours because I couldn't separate work from home. Over time, I learned to set boundaries and stick to a schedule.",
2024-01-22
respondent_17,"Collaboration tools have made remote work possible, but they also create new challenges. Too many communication channels can be overwhelming, and it's harder to read tone in written messages.",
2024-01-23
respondent_18,"My stress decreases when I have a sense of control over my work environment. Being able to adjust lighting, temperature, and noise levels helps me focus. In the office, I have less control over these factors.",
2024-01-23
respondent_19,"The lack of social interaction during remote work affects my mental health. I miss the casual conversations and relationship building that happens naturally in the office. Video calls feel more transactional.",
2024-01-24
respondent_20,"When my manager trusts me to do my job without micromanaging, my confidence and productivity increase. But when they constantly check in or second-guess my decisions, it creates anxiety and reduces my effectiveness.",
2024-01-24 